{
  "step_1": {
    "MAE": 0.02579734093315497,
    "R2": 0.9994260313987099
  },
  "step_2": {
    "MAE": 0.03489967929397931,
    "R2": 0.9988859616811251
  },
  "step_3": {
    "MAE": 0.04436053682451984,
    "R2": 0.9981759061913008
  },
  "step_4": {
    "MAE": 0.0542242518987854,
    "R2": 0.9972690287333879
  },
  "step_5": {
    "MAE": 0.06276505815873316,
    "R2": 0.9963064424601473
  }
}