{
  "MAE": 0.13335720700589504,
  "RMSE": 0.2002909789767523,
  "R2": 0.9817703327933258,
  "best_iteration": 498,
  "used_limit": "iteration_range=(0, 499)"
}