{
  "MAE": 0.010820634256112542,
  "RMSE": 0.01640060772020533,
  "R2": 0.9998777705538507
}